Player,GamesCounted,First_Pitch_Swings,First_Pitch_InPlay,First_Pitch_XBH,xBA,Swing%,InPlay%,XBH%,BatterHand
"Abbott, Andrew",5,5,5,0,0.231,100.0,100.0,0.0,R
"Abel, Mick",5,4,4,0,0.312,80.0,80.0,0.0,R
"Abreu, Bryan",5,5,5,1,0.549,100.0,100.0,20.0,R
"Adam, Jason",5,5,5,0,0.195,100.0,100.0,0.0,L
"Agnos, Zach",5,5,5,2,0.536,100.0,100.0,40.0,R
"Akin, Keegan",5,5,5,1,0.4,100.0,100.0,20.0,R
"Alcala, Jorge",5,4,4,0,0.079,80.0,80.0,0.0,R
"Alcantara, Sandy",5,5,5,1,0.274,100.0,100.0,20.0,R
"Aldegheri, Sam",1,0,0,0,,0.0,0.0,0.0,R
"Alexander, Jason",5,5,5,2,0.423,100.0,100.0,40.0,L
"Alexander, Scott",5,5,5,0,0.345,100.0,100.0,0.0,L
"Alexander, Tyler",5,5,5,0,0.562,100.0,100.0,0.0,R
"Allard, Kolby",5,5,5,0,0.54,100.0,100.0,0.0,L
"Allen, Logan",5,5,5,0,0.125,100.0,100.0,0.0,R
"Altavilla, Dan",5,5,5,1,0.343,100.0,100.0,20.0,L
"Alvarado, Elvis",3,3,3,2,0.445,100.0,100.0,66.7,R
"Alvarado, José",5,5,5,1,0.788,100.0,100.0,20.0,R
"Amaya, Jacob",1,1,1,0,0.074,100.0,100.0,0.0,L
"Anderson, Grant",5,5,5,1,0.293,100.0,100.0,20.0,R
"Anderson, Ian",4,4,4,0,0.334,100.0,100.0,0.0,L
"Anderson, Justin",3,2,2,0,0.303,66.7,66.7,0.0,R
"Anderson, Shaun",5,5,5,1,0.519,100.0,100.0,20.0,R
"Anderson, Tyler",5,5,5,1,0.498,100.0,100.0,20.0,L
"Arias, Luarbert",4,4,4,0,0.551,100.0,100.0,0.0,L
"Armstrong, Sam",2,2,2,0,,100.0,100.0,0.0,L
"Armstrong, Shawn",5,5,5,0,0.373,100.0,100.0,0.0,L
"Arrighetti, Spencer",5,5,5,0,0.407,100.0,100.0,0.0,R
"Ashby, Aaron",4,3,3,0,0.259,75.0,75.0,0.0,R
"Ashcraft, Braxton",5,5,5,1,0.334,100.0,100.0,20.0,L
"Ashcraft, Graham",5,5,5,0,0.207,100.0,100.0,0.0,R
"Bachar, Lake",5,5,5,2,0.432,100.0,100.0,40.0,R
"Bachman, Sam",1,1,1,0,0.001,100.0,100.0,0.0,L
"Backhus, Kyle",2,2,2,0,0.276,100.0,100.0,0.0,R
"Baker, Bryan",5,5,5,2,0.587,100.0,100.0,40.0,L
"Banda, Anthony",5,5,5,0,0.317,100.0,100.0,0.0,R
"Banks, Tanner",5,5,5,2,0.516,100.0,100.0,40.0,L
"Barlow, Scott",5,5,5,0,0.124,100.0,100.0,0.0,L
"Barnes, Jacob",4,4,4,1,0.566,100.0,100.0,25.0,R
"Barnes, Zach",1,1,1,0,,100.0,100.0,0.0,R
"Barnhart, Tucker",5,5,5,1,0.352,100.0,100.0,20.0,R
"Bassitt, Chris",5,4,4,1,0.525,80.0,80.0,20.0,R
"Bauers, Jake",4,4,4,0,0.494,100.0,100.0,0.0,R
"Bautista, Félix",5,5,5,1,0.36,100.0,100.0,20.0,R
"Baz, Shane",5,4,4,0,0.499,80.0,80.0,0.0,R
"Bazardo, Eduard",5,5,5,0,0.395,100.0,100.0,0.0,R
"Bechtold, Andrew",1,1,1,0,,100.0,100.0,0.0,R
"Beck, Tristan",4,4,4,1,0.728,100.0,100.0,25.0,R
"Bednar, David",5,5,5,0,0.096,100.0,100.0,0.0,L
"Beeks, Jalen",5,5,5,2,0.444,100.0,100.0,40.0,R
"Bello, Brayan",5,5,5,0,0.298,100.0,100.0,0.0,L
"Bellozo, Valente",5,5,5,1,0.34,100.0,100.0,20.0,R
"Bender, Anthony",5,5,5,0,0.362,100.0,100.0,0.0,L
"Benjamin, Wes",1,1,1,0,0.489,100.0,100.0,0.0,L
"Bergert, Ryan",5,5,5,0,0.375,100.0,100.0,0.0,L
"Bernardino, Brennan",5,5,5,0,0.302,100.0,100.0,0.0,R
"Berríos, José",5,5,5,2,0.495,100.0,100.0,40.0,R
"Bibee, Tanner",5,5,5,0,0.314,100.0,100.0,0.0,R
"Bickford, Phil",3,3,3,1,,100.0,100.0,33.3,L
"Bido, Osvaldo",5,5,5,0,0.404,100.0,100.0,0.0,L
"Bielak, Brandon",1,1,1,0,0.011,100.0,100.0,0.0,R
"Bigge, Hunter",5,5,5,0,0.294,100.0,100.0,0.0,L
"Bird, Jake",5,5,5,1,0.434,100.0,100.0,20.0,R
"Birdsong, Hayden",5,5,5,0,0.144,100.0,100.0,0.0,L
"Bivens, Spencer",5,5,5,0,0.169,100.0,100.0,0.0,L
"Blackburn, Paul",5,5,5,1,0.586,100.0,100.0,20.0,L
"Blalock, Bradley",5,5,5,0,0.234,100.0,100.0,0.0,L
"Blanco, Ronel",5,5,5,0,0.179,100.0,100.0,0.0,R
"Blewett, Scott",5,5,5,0,0.41,100.0,100.0,0.0,R
"Bolton, Cody",2,2,2,0,0.343,100.0,100.0,0.0,R
"Booser, Cam",5,5,5,2,0.458,100.0,100.0,40.0,R
"Borucki, Ryan",5,5,5,1,0.277,100.0,100.0,20.0,R
"Boushley, Caleb",5,5,5,1,0.376,100.0,100.0,20.0,L
"Bowlan, Jonathan",5,5,5,1,0.374,100.0,100.0,20.0,R
"Bowman, Kaleb",2,2,2,2,0.93,100.0,100.0,100.0,R
"Bowman, Matt",5,5,5,0,0.363,100.0,100.0,0.0,L
"Boyd, Matthew",5,5,5,1,0.371,100.0,100.0,20.0,L
"Boyle, Joe",1,1,1,0,,100.0,100.0,0.0,L
"Bradley, Taj",5,5,5,1,0.299,100.0,100.0,20.0,L
"Brash, Matt",1,1,1,0,0.469,100.0,100.0,0.0,L
"Brasier, Ryan",4,4,4,0,0.229,100.0,100.0,0.0,L
"Brazobán, Huascar",5,5,5,0,0.326,100.0,100.0,0.0,R
"Brebbia, John",5,5,5,1,0.333,100.0,100.0,20.0,L
"Brewer, Colten",2,2,2,0,0.302,100.0,100.0,0.0,R
"Bride, Jonah",5,5,5,1,0.354,100.0,100.0,20.0,R
"Brieske, Beau",5,5,5,1,0.09,100.0,100.0,20.0,L
"Brigham, Jeff",5,5,5,0,0.475,100.0,100.0,0.0,L
"Brogdon, Connor",5,5,5,1,0.559,100.0,100.0,20.0,R
"Brown, Ben",5,5,5,0,0.342,100.0,100.0,0.0,R
"Brown, Hunter",5,4,4,1,0.367,80.0,80.0,20.0,R
"Bruihl, Justin",2,2,2,0,0.294,100.0,100.0,0.0,R
"Brzykcy, Zach",5,5,5,0,0.338,100.0,100.0,0.0,R
"Bubic, Kris",5,5,5,1,0.285,100.0,100.0,20.0,R
"Buehler, Walker",5,5,5,1,0.504,100.0,100.0,20.0,L
"Bummer, Aaron",5,5,5,0,0.109,100.0,100.0,0.0,R
"Burdi, Nick",3,3,3,1,0.411,100.0,100.0,33.3,R
"Burgos, Juan",1,0,0,0,,0.0,0.0,0.0,R
"Burke, Brock",5,5,5,1,0.257,100.0,100.0,20.0,L
"Burke, Sean",5,5,5,0,0.458,100.0,100.0,0.0,R
"Burleson, Alec",2,1,1,0,0.149,50.0,50.0,0.0,R
"Burnes, Corbin",5,4,4,2,0.583,80.0,80.0,40.0,L
"Burrows, Mike",5,4,4,0,0.057,80.0,80.0,0.0,R
"Buttó, José",5,5,5,1,0.529,100.0,100.0,20.0,R
"Cabrera, Edward",5,5,5,1,0.364,100.0,100.0,20.0,L
"Cabrera, Génesis",5,5,5,2,0.407,100.0,100.0,40.0,R
"Cameron, Noah",5,5,5,0,0.083,100.0,100.0,0.0,L
"Canning, Griffin",5,5,5,1,0.394,100.0,100.0,20.0,L
"Cannon, Jonathan",5,5,5,2,0.391,100.0,100.0,40.0,L
"Cano, Yennier",5,5,5,0,0.348,100.0,100.0,0.0,R
"Cantillo, Joey",5,5,5,1,0.729,100.0,100.0,20.0,L
"Capra, Vinny",3,3,3,0,0.297,100.0,100.0,0.0,R
"Carrasco, Carlos",5,5,5,0,0.422,100.0,100.0,0.0,L
"Casparius, Ben",5,5,5,0,0.176,100.0,100.0,0.0,R
"Castaño, Blas",4,3,3,1,0.369,75.0,75.0,25.0,L
"Castellano, Eiberson",1,1,1,0,0.771,100.0,100.0,0.0,L
"Castillo, José",5,4,4,0,0.42,80.0,80.0,0.0,L
"Castillo, Luis",5,5,5,1,0.187,100.0,100.0,20.0,R
"Castillo, Luis F.",5,5,5,0,0.596,100.0,100.0,0.0,R
"Castro, Kervin",1,1,1,0,0.611,100.0,100.0,0.0,L
"Castro, Miguel",3,2,2,0,0.584,66.7,66.7,0.0,R
"Cease, Dylan",5,5,5,0,0.449,100.0,100.0,0.0,L
"Cecconi, Slade",5,5,5,0,0.433,100.0,100.0,0.0,R
"Chafin, Andrew",5,5,5,0,0.241,100.0,100.0,0.0,L
"Chapman, Aroldis",5,5,5,0,0.246,100.0,100.0,0.0,R
"Chavez, Jesse",2,1,1,0,0.769,50.0,50.0,0.0,R
"Chivilli, Angel",5,5,5,0,0.284,100.0,100.0,0.0,R
"Church, Marc",4,4,4,1,0.598,100.0,100.0,25.0,R
"Civale, Aaron",5,5,5,1,0.257,100.0,100.0,20.0,R
"Clarke, Taylor",5,5,5,0,0.55,100.0,100.0,0.0,R
"Clase, Emmanuel",5,5,5,1,0.256,100.0,100.0,20.0,L
"Cleavinger, Garrett",5,4,4,0,0.93,80.0,80.0,0.0,L
"Clevinger, Mike",5,5,5,0,0.288,100.0,100.0,0.0,R
"Contreras, Luis",5,5,5,1,0.466,100.0,100.0,20.0,L
"Corbin, Patrick",5,5,5,1,0.484,100.0,100.0,20.0,L
"Cornielly, Joshua",1,1,1,0,0.157,100.0,100.0,0.0,L
"Cortes, Nestor",5,5,5,1,0.304,100.0,100.0,20.0,L
"Cosgrove, Tom",1,1,1,0,0.003,100.0,100.0,0.0,L
"Coulombe, Danny",5,5,5,0,0.375,100.0,100.0,0.0,L
"Craig, Luke",1,1,1,0,0.586,100.0,100.0,0.0,R
"Crismatt, Nabil",1,1,1,0,,100.0,100.0,0.0,R
"Criswell, Cooper",5,5,5,1,0.196,100.0,100.0,20.0,R
"Crochet, Garrett",5,5,5,2,0.562,100.0,100.0,40.0,R
"Cruz, Fernando",5,5,5,1,0.225,100.0,100.0,20.0,L
"Cruz, Omar",1,1,1,0,0.463,100.0,100.0,0.0,R
"Cruz, Steven",5,5,5,0,0.186,100.0,100.0,0.0,R
"Cuevas, Michael",1,1,1,1,,100.0,100.0,100.0,R
"Curry, Xzavion",5,5,5,0,0.115,100.0,100.0,0.0,R
"Dalquist, Andrew",1,1,1,0,0.057,100.0,100.0,0.0,L
"Dana, Caden",3,3,3,0,0.391,100.0,100.0,0.0,L
"Daniel, Davis",1,0,0,0,,0.0,0.0,0.0,R
"Darrell-Hicks, Michael",5,5,5,0,0.46,100.0,100.0,0.0,R
"Davis, Noah",1,1,1,0,0.563,100.0,100.0,0.0,L
"De Los Santos, Enyel",5,5,5,0,0.274,100.0,100.0,0.0,R
"De los Santos, Yerry",5,5,5,0,0.401,100.0,100.0,0.0,L
"DeSclafani, Anthony",4,4,4,1,0.272,100.0,100.0,25.0,R
"Detmers, Reid",5,5,5,1,0.564,100.0,100.0,20.0,L
"Diaz, Indigo",2,2,2,1,,100.0,100.0,50.0,L
"Dobbins, Hunter",5,5,5,0,0.214,100.0,100.0,0.0,R
"Dobnak, Randy",1,1,1,0,0.094,100.0,100.0,0.0,L
"Dodd, Dylan",2,2,2,0,0.119,100.0,100.0,0.0,L
"Dollander, Chase",5,5,5,1,0.395,100.0,100.0,20.0,R
"Domínguez, Seranthony",5,5,5,1,0.134,100.0,100.0,20.0,R
"Doval, Camilo",5,5,5,0,0.334,100.0,100.0,0.0,L
"Dreyer, Jack",5,5,5,0,0.08,100.0,100.0,0.0,R
"Dubin, Shawn",5,5,5,0,0.453,100.0,100.0,0.0,R
"Dunning, Dane",3,3,3,0,0.388,100.0,100.0,0.0,L
"Duran, Ezequiel",2,2,2,0,0.448,100.0,100.0,0.0,L
"Duran, Jhoan",5,5,5,1,0.187,100.0,100.0,20.0,L
"Díaz, Alexis",5,5,5,2,0.536,100.0,100.0,40.0,R
"Díaz, Edwin",5,5,5,0,0.249,100.0,100.0,0.0,L
"Díaz, Yilber",1,1,1,0,0.406,100.0,100.0,0.0,L
"Eder, Jake",1,1,1,0,0.003,100.0,100.0,0.0,R
"Edwards Jr., Carl",1,1,1,0,0.117,100.0,100.0,0.0,R
"Effross, Scott",3,3,3,0,0.19,100.0,100.0,0.0,L
"Eflin, Zach",5,5,5,3,0.579,100.0,100.0,60.0,L
"Eisert, Brandon",5,4,4,0,0.3,80.0,80.0,0.0,R
"Elder, Bryce",5,5,5,0,0.4,100.0,100.0,0.0,R
"Ellard, Fraser",5,4,4,1,0.476,80.0,80.0,20.0,R
"Englert, Mason",5,5,5,0,0.38,100.0,100.0,0.0,L
"Enright, Nic",3,3,3,0,0.046,100.0,100.0,0.0,L
"Eovaldi, Nathan",5,5,5,2,0.381,100.0,100.0,40.0,R
"Erceg, Lucas",5,5,5,1,0.429,100.0,100.0,20.0,L
"Estes, Joey",5,5,5,2,0.205,100.0,100.0,40.0,L
"Estrada, Jeremiah",5,5,5,0,0.243,100.0,100.0,0.0,R
"Estévez, Carlos",5,5,5,0,0.25,100.0,100.0,0.0,R
"Evans, Logan",5,5,5,1,0.331,100.0,100.0,20.0,R
"Fairbanks, Pete",5,5,5,0,0.176,100.0,100.0,0.0,R
"Falter, Bailey",5,5,5,0,0.27,100.0,100.0,0.0,R
"Faucher, Calvin",5,4,4,0,0.408,80.0,80.0,0.0,L
"Fedde, Erick",5,5,5,0,0.144,100.0,100.0,0.0,L
"Feltner, Ryan",5,5,5,1,0.172,100.0,100.0,20.0,L
"Ferguson, Caleb",5,5,5,0,0.619,100.0,100.0,0.0,R
"Ferguson, Tyler",5,5,5,0,0.338,100.0,100.0,0.0,R
"Fermin, José",3,2,2,1,0.256,66.7,66.7,33.3,L
"Fernandez, Ryan",5,5,5,0,0.284,100.0,100.0,0.0,R
"Ferrer, Jose A.",5,4,4,0,0.449,80.0,80.0,0.0,R
"Ferris, Jackson",2,2,2,1,0.426,100.0,100.0,50.0,L
"Festa, David",5,5,5,2,0.129,100.0,100.0,40.0,R
"Festa, Matt",5,5,5,1,0.288,100.0,100.0,20.0,L
"Feyereisen, J.P.",5,5,5,0,0.539,100.0,100.0,0.0,R
"Finnegan, Kyle",5,5,5,0,0.262,100.0,100.0,0.0,R
"Fisher, Braydon",4,4,4,1,0.379,100.0,100.0,25.0,R
"Fitts, Richard",5,4,4,1,0.5,80.0,80.0,20.0,R
"Flaherty, Jack",5,5,5,2,0.345,100.0,100.0,40.0,L
"Flexen, Chris",5,5,5,0,0.262,100.0,100.0,0.0,R
"Fluharty, Mason",5,5,4,0,0.321,100.0,80.0,0.0,R
"Foley, Jason",1,1,1,0,,100.0,100.0,0.0,L
"Fox, Phil",1,1,1,0,0.066,100.0,100.0,0.0,L
"Francis, Bowden",5,5,5,0,0.357,100.0,100.0,0.0,L
"Freeland, Kyle",5,5,5,0,0.415,100.0,100.0,0.0,R
"Freeman, Caleb",1,1,1,0,0.277,100.0,100.0,0.0,R
"Fried, Max",5,5,5,1,0.421,100.0,100.0,20.0,R
"Fuentes, Didier",3,2,2,2,0.608,66.7,66.7,66.7,L
"Fujinami, Shintaro",2,1,1,1,0.149,50.0,50.0,50.0,L
"Fulmer, Michael",2,2,2,0,0.573,100.0,100.0,0.0,L
"Funderburk, Kody",5,5,5,1,0.429,100.0,100.0,20.0,R
"Gaddis, Hunter",5,5,5,0,0.362,100.0,100.0,0.0,L
"Gage, Matt",3,3,3,0,0.324,100.0,100.0,0.0,L
"Gallen, Zac",5,5,5,1,0.467,100.0,100.0,20.0,L
"Garabito, Gerson",5,5,5,0,0.306,100.0,100.0,0.0,R
"Garcia, Robert",5,5,5,4,0.449,100.0,100.0,80.0,L
"García, Luis",5,5,5,0,0.222,100.0,100.0,0.0,L
"García, Yimi",5,5,5,0,0.367,100.0,100.0,0.0,R
"Garrett, Reed",5,5,5,0,0.232,100.0,100.0,0.0,L
"Garza, Justin",4,4,4,1,0.74,100.0,100.0,25.0,R
"Gastelum, Luis",2,2,2,0,0.146,100.0,100.0,0.0,R
"Gausman, Kevin",5,5,5,2,0.277,100.0,100.0,40.0,L
"Gibaut, Ian",5,5,5,0,0.303,100.0,100.0,0.0,L
"Gibson, Cade",5,5,5,0,0.435,100.0,100.0,0.0,L
"Gibson, Kyle",5,5,5,1,0.359,100.0,100.0,20.0,R
"Gilbert, Logan",5,5,5,0,0.145,100.0,100.0,0.0,L
"Gilbert, Tyler",5,5,5,1,0.334,100.0,100.0,20.0,R
"Gillaspie, Logan",5,4,4,0,0.23,80.0,80.0,0.0,R
"Gillispie, Connor",5,5,5,1,0.534,100.0,100.0,20.0,L
"Ginkel, Kevin",5,5,5,1,0.377,100.0,100.0,20.0,L
"Ginn, J.T.",5,5,5,1,0.46,100.0,100.0,20.0,R
"Giolito, Lucas",5,5,5,1,0.508,100.0,100.0,20.0,L
"Gipson-Long, Sawyer",4,4,4,1,0.122,100.0,100.0,25.0,L
"Glasnow, Tyler",5,5,5,1,0.42,100.0,100.0,20.0,R
"Gomber, Austin",5,5,5,2,0.657,100.0,100.0,40.0,R
"Gonsolin, Tony",5,5,5,1,0.344,100.0,100.0,20.0,L
"Gordon, Colton",5,5,5,2,0.468,100.0,100.0,40.0,R
"Gordon, Tanner",5,5,5,0,0.134,100.0,100.0,0.0,L
"Gore, MacKenzie",5,5,5,1,0.32,100.0,100.0,20.0,R
"Graceffo, Gordon",5,5,5,0,0.4,100.0,100.0,0.0,R
"Grammes, Conor",1,1,1,0,,100.0,100.0,0.0,L
"Granillo, Andre",2,2,2,0,0.5,100.0,100.0,0.0,R
"Graveman, Kendall",4,3,3,1,0.194,75.0,75.0,25.0,L
"Gray, Sonny",5,5,5,1,0.317,100.0,100.0,20.0,R
"Green, Chad",5,5,5,1,0.321,100.0,100.0,20.0,R
"Greene, Hunter",5,5,5,0,0.399,100.0,100.0,0.0,L
"Guenther, Sean",5,5,5,0,0.27,100.0,100.0,0.0,L
"Guerrero, Luis",5,5,5,0,0.223,100.0,100.0,0.0,L
"Gusto, Ryan",5,5,5,1,0.388,100.0,100.0,20.0,R
"Gutierrez, Gerardo",1,1,1,0,,100.0,100.0,0.0,L
"Gómez, Yoendrys",5,4,4,1,0.475,80.0,80.0,20.0,R
"Hader, Josh",5,4,4,1,0.177,80.0,80.0,20.0,R
"Hagenman, Justin",4,4,4,1,0.219,100.0,100.0,25.0,L
"Hahn, Jesse",5,5,5,1,0.301,100.0,100.0,20.0,R
"Hall, DL",5,5,5,1,0.313,100.0,100.0,20.0,R
"Halvorsen, Seth",5,5,5,0,0.303,100.0,100.0,0.0,L
"Hamilton, Ian",5,4,4,0,0.293,80.0,80.0,0.0,R
"Hancock, Emerson",5,5,5,0,0.478,100.0,100.0,0.0,L
"Hanifee, Brenan",5,5,5,1,0.418,100.0,100.0,20.0,R
"Harlow, Josh",1,1,1,1,0.3,100.0,100.0,100.0,L
"Harper, Daniel",2,2,2,0,0.266,100.0,100.0,0.0,R
"Harrington, Thomas",5,5,5,0,0.098,100.0,100.0,0.0,R
"Harris, Hogan",5,5,5,0,0.315,100.0,100.0,0.0,R
"Harrison, Kyle",5,5,5,1,0.177,100.0,100.0,20.0,R
"Hart, Kyle",5,5,5,2,0.344,100.0,100.0,40.0,L
"Harvey, Hunter",3,3,3,0,0.252,100.0,100.0,0.0,R
"Headrick, Brent",5,5,5,0,0.345,100.0,100.0,0.0,L
"Heaney, Andrew",5,5,5,1,0.379,100.0,100.0,20.0,L
"Helsley, Ryan",5,5,5,0,0.256,100.0,100.0,0.0,L
"Henderson, Logan",5,5,5,1,0.555,100.0,100.0,20.0,L
"Hendricks, Kyle",5,5,5,1,0.41,100.0,100.0,20.0,L
"Hendriks, Liam",5,5,5,0,0.396,100.0,100.0,0.0,R
"Henriquez, Ronny",5,4,4,0,0.412,80.0,80.0,0.0,L
"Henry, Cole",5,5,5,1,0.462,100.0,100.0,20.0,R
"Henry, Tommy",2,2,2,1,0.534,100.0,100.0,50.0,L
"Herget, Jimmy",5,5,5,0,0.46,100.0,100.0,0.0,R
"Herget, Kevin",1,1,1,0,0.557,100.0,100.0,0.0,L
"Hernandez, Nick",1,1,1,0,0.08,100.0,100.0,0.0,R
"Hernández, Carlos",5,5,5,1,0.433,100.0,100.0,20.0,R
"Hernández, Daysbel",5,4,4,0,0.207,80.0,80.0,0.0,R
"Hernández, Enrique",5,5,5,0,0.074,100.0,100.0,0.0,R
"Hernández, Jonathan",1,1,1,0,0.034,100.0,100.0,0.0,L
"Herrera, Jose",1,1,1,0,0.001,100.0,100.0,0.0,L
"Herrin, Tim",5,5,5,1,0.423,100.0,100.0,20.0,L
"Heuer, Codi",1,1,1,1,0.754,100.0,100.0,100.0,R
"Hicks, James",3,2,2,0,,66.7,66.7,0.0,R
"Hicks, Jordan",5,5,5,0,0.554,100.0,100.0,0.0,L
"Hill, Jaden",1,1,1,0,0.286,100.0,100.0,0.0,R
"Hill, Tim",5,5,5,0,0.258,100.0,100.0,0.0,R
"Hjelle, Sean",5,5,5,0,0.364,100.0,100.0,0.0,R
"Hodge, Porter",5,5,5,0,0.34,100.0,100.0,0.0,L
"Hoffman, Jeff",5,5,5,2,0.641,100.0,100.0,40.0,L
"Hoffmann, Andrew",1,1,1,0,0.001,100.0,100.0,0.0,L
"Hoglund, Gunnar",5,5,5,2,0.549,100.0,100.0,40.0,R
"Holderman, Colin",5,5,5,1,0.333,100.0,100.0,20.0,R
"Hollowell, Gavin",2,2,2,0,0.18,100.0,100.0,0.0,R
"Holman, Grant",5,5,5,0,0.261,100.0,100.0,0.0,R
"Holmes, Clay",5,5,5,0,0.318,100.0,100.0,0.0,L
"Holmes, Grant",5,5,5,2,0.433,100.0,100.0,40.0,R
"Holton, Tyler",5,5,5,0,0.527,100.0,100.0,0.0,L
"Horn, Bailey",1,1,1,0,0.471,100.0,100.0,0.0,L
"Horton, Cade",5,5,5,0,0.234,100.0,100.0,0.0,R
"Houck, Tanner",5,4,4,1,0.509,80.0,80.0,20.0,R
"Houser, Adrian",5,5,5,0,0.479,100.0,100.0,0.0,R
"Hudson, Bryan",4,3,3,0,0.192,75.0,75.0,0.0,R
"Huff, Chance",1,1,1,0,0.246,100.0,100.0,0.0,R
"Hurtado, Joel",1,1,1,0,0.717,100.0,100.0,0.0,R
"Hurter, Brant",5,5,5,0,0.36,100.0,100.0,0.0,R
"Iglesias, Raisel",5,5,5,0,0.194,100.0,100.0,0.0,R
"Imanaga, Shota",5,5,5,0,0.316,100.0,100.0,0.0,L
"Irvin, Jake",5,5,5,0,0.39,100.0,100.0,0.0,R
"Jackson, Luke",5,5,5,0,0.278,100.0,100.0,0.0,R
"Jacob, Alek",5,5,5,1,0.576,100.0,100.0,20.0,L
"Jameson, Drey",2,2,2,0,0.483,100.0,100.0,0.0,L
"Jansen, Kenley",5,5,5,0,0.254,100.0,100.0,0.0,R
"Jarvis, Bryce",5,4,4,1,0.349,80.0,80.0,20.0,L
"Jasiak, Jack",1,1,1,0,0.2,100.0,100.0,0.0,L
"Jax, Griffin",5,5,5,0,0.48,100.0,100.0,0.0,R
"Jeffrey, Madison",2,2,2,0,0.063,100.0,100.0,0.0,R
"Jobe, Jackson",5,5,5,1,0.495,100.0,100.0,20.0,L
"Johnson, Pierce",5,5,5,0,0.362,100.0,100.0,0.0,R
"Johnson, Ryan",5,5,5,0,0.275,100.0,100.0,0.0,R
"Johnson, Seth",3,3,3,0,0.207,100.0,100.0,0.0,R
"Joyce, Ben",2,2,2,0,0.2,100.0,100.0,0.0,L
"Junis, Jakob",5,5,5,0,0.32,100.0,100.0,0.0,L
"Junk, Janson",5,5,5,0,0.532,100.0,100.0,0.0,R
"Justice, Evan",1,1,1,0,,100.0,100.0,0.0,R
"Kahnle, Tommy",5,5,5,0,0.16,100.0,100.0,0.0,R
"Karinchak, James",1,1,1,0,0.386,100.0,100.0,0.0,L
"Keller, Brad",5,4,4,1,0.335,80.0,80.0,20.0,R
"Keller, Mitch",5,5,5,0,0.188,100.0,100.0,0.0,L
"Kelly, Kevin",5,5,5,0,0.324,100.0,100.0,0.0,R
"Kelly, Merrill",5,5,5,1,0.345,100.0,100.0,20.0,L
"Kelly, Michael",3,3,3,1,0.491,100.0,100.0,33.3,L
"Kelly, Zack",5,5,5,0,0.157,100.0,100.0,0.0,L
"Kerkering, Orion",5,4,4,0,0.248,80.0,80.0,0.0,R
"Kershaw, Clayton",5,5,5,1,0.178,100.0,100.0,20.0,R
"Kikuchi, Yusei",5,5,5,0,0.151,100.0,100.0,0.0,R
"King, Bryan",5,3,3,0,0.005,60.0,60.0,0.0,R
"King, John",5,5,5,0,0.147,100.0,100.0,0.0,R
"King, Michael",5,5,5,1,0.305,100.0,100.0,20.0,R
"Kinley, Tyler",5,5,5,0,0.387,100.0,100.0,0.0,R
"Kirby, George",5,5,5,0,0.328,100.0,100.0,0.0,R
"Kittredge, Andrew",5,5,5,1,0.575,100.0,100.0,20.0,L
"Knack, Landon",5,5,5,2,0.459,100.0,100.0,40.0,R
"Knowlton, Sam",1,1,1,0,,100.0,100.0,0.0,L
"Kochanowicz, Jack",5,4,4,1,0.391,80.0,80.0,20.0,R
"Koenig, Jared",5,5,5,2,0.688,100.0,100.0,40.0,R
"Kolek, Stephen",5,3,3,0,0.177,60.0,60.0,0.0,R
"Kopech, Michael",3,3,3,0,0.642,100.0,100.0,0.0,R
"Koss, Christian",2,2,2,0,0.294,100.0,100.0,0.0,R
"Kowar, Jackson",3,2,2,1,0.478,66.7,66.7,33.3,R
"Kranick, Max",5,5,5,1,0.35,100.0,100.0,20.0,L
"Kremer, Dean",5,5,5,1,0.495,100.0,100.0,20.0,L
"Kriske, Brooks",3,3,3,1,0.926,100.0,100.0,33.3,R
"Krook, Matt",2,2,2,0,0.306,100.0,100.0,0.0,L
"La Sorsa, Joe",5,5,5,1,0.432,100.0,100.0,20.0,L
"Latz, Jacob",5,5,5,0,0.11,100.0,100.0,0.0,R
"Lauer, Eric",5,4,4,0,0.378,80.0,80.0,0.0,R
"Lawrence, Casey",5,5,5,0,0.504,100.0,100.0,0.0,R
"Lawrence, Justin",2,1,1,1,0.663,50.0,50.0,50.0,R
"Lazar, Max",3,3,3,0,0.087,100.0,100.0,0.0,R
"Leahy, Kyle",5,5,5,1,0.45,100.0,100.0,20.0,L
"Leasure, Jordan",5,5,5,1,0.521,100.0,100.0,20.0,R
"Leclerc, José",5,5,5,1,0.286,100.0,100.0,20.0,R
"Lee, Chase",5,5,5,0,0.218,100.0,100.0,0.0,L
"Lee, Dylan",5,5,5,0,0.409,100.0,100.0,0.0,R
"Legumina, Casey",5,5,5,1,0.2,100.0,100.0,20.0,L
"Leiter Jr., Mark",5,5,5,0,0.419,100.0,100.0,0.0,R
"Leiter, Jack",5,5,5,1,0.409,100.0,100.0,20.0,L
"Liberatore, Matthew",5,5,5,0,0.238,100.0,100.0,0.0,R
"Linarez, Valentin",1,1,1,0,0.001,100.0,100.0,0.0,L
"Littell, Zack",5,5,5,1,0.3,100.0,100.0,20.0,L
"Little, Brendon",5,5,5,0,0.378,100.0,100.0,0.0,R
"Little, Jack",3,3,3,0,0.144,100.0,100.0,0.0,L
"Little, Luke",2,2,2,0,,100.0,100.0,0.0,R
"Lively, Ben",5,5,5,0,0.231,100.0,100.0,0.0,R
"Lodolo, Nick",5,5,5,0,0.241,100.0,100.0,0.0,L
"Long, Sam",4,4,4,0,0.334,100.0,100.0,0.0,L
"Lopez, Jacob",5,5,5,0,0.39,100.0,100.0,0.0,R
"Lord, Brad",5,5,5,0,0.294,100.0,100.0,0.0,R
"Lorenzen, Michael",5,5,5,0,0.145,100.0,100.0,0.0,R
"Loutos, Ryan",5,5,5,0,0.463,100.0,100.0,0.0,L
"Lovelady, Richard",4,3,3,1,0.401,75.0,75.0,25.0,L
"Loáisiga, Jonathan",5,5,5,0,0.206,100.0,100.0,0.0,L
"Lucas, Easton",5,5,5,2,0.611,100.0,100.0,40.0,R
"Lucchesi, Joey",2,2,2,0,0.948,100.0,100.0,0.0,L
"Lugo, Seth",5,5,5,1,0.279,100.0,100.0,20.0,R
"Luzardo, Jesús",5,5,5,2,0.49,100.0,100.0,40.0,R
"Lynch IV, Daniel",5,5,5,0,0.255,100.0,100.0,0.0,R
"López, Jorge",5,5,5,0,0.386,100.0,100.0,0.0,L
"López, Pablo",5,5,5,0,0.319,100.0,100.0,0.0,R
"López, Reynaldo",5,5,5,1,0.445,100.0,100.0,20.0,L
"MacIver, Willie",4,4,4,0,0.292,100.0,100.0,0.0,L
"Maeda, Kenta",5,5,4,2,0.443,100.0,80.0,40.0,L
"Mahle, Tyler",5,5,5,1,0.349,100.0,100.0,20.0,R
"Maldonado, Anthony",3,3,3,1,0.378,100.0,100.0,33.3,R
"Mantiply, Joe",5,5,5,1,0.297,100.0,100.0,20.0,L
"Marinaccio, Ron",5,5,5,1,0.408,100.0,100.0,20.0,L
"Martin, Chris",5,5,5,0,0.316,100.0,100.0,0.0,R
"Martin, Davis",5,5,5,0,0.229,100.0,100.0,0.0,R
"Martinez, Justin",3,2,2,0,0.083,66.7,66.7,0.0,R
"Martinez, Nick",5,5,5,2,0.603,100.0,100.0,40.0,R
"Martinez, Seth",1,1,1,0,,100.0,100.0,0.0,L
"Mata, Bryan",1,1,1,0,,100.0,100.0,0.0,R
"Mateo, Jorge",2,2,2,0,0.527,100.0,100.0,0.0,R
"Mathews, Quinn",2,2,2,1,0.442,100.0,100.0,50.0,R
"Maton, Phil",5,5,5,0,0.359,100.0,100.0,0.0,R
"Matsui, Yuki",5,5,5,0,0.121,100.0,100.0,0.0,R
"Matthews, Zebby",5,5,5,0,0.027,100.0,100.0,0.0,R
"Mattson, Isaac",5,5,5,0,0.213,100.0,100.0,0.0,L
"Matz, Steven",5,5,5,1,0.4,100.0,100.0,20.0,R
"Matzek, Tyler",5,5,5,0,0.091,100.0,100.0,0.0,R
"May, Dustin",5,4,4,0,0.205,80.0,80.0,0.0,R
"Mayza, Tim",5,4,4,2,0.417,80.0,80.0,40.0,R
"Mazur, Adam",5,5,5,1,0.5,100.0,100.0,20.0,R
"McCaughan, Darren",3,3,3,1,0.255,100.0,100.0,33.3,R
"McClanahan, Shane",1,1,1,0,,100.0,100.0,0.0,R
"McCullers Jr., Lance",5,5,5,0,0.268,100.0,100.0,0.0,L
"McDaniels, Garrett",5,5,5,1,0.095,100.0,100.0,20.0,L
"McDermott, Chayce",5,4,4,0,0.371,80.0,80.0,0.0,R
"McFarland, T.J.",5,5,5,1,0.435,100.0,100.0,20.0,R
"McGee, Easton",2,2,2,0,0.4,100.0,100.0,0.0,R
"McGough, Scott",5,5,5,1,0.378,100.0,100.0,20.0,L
"McGreevy, Michael",5,5,5,1,0.226,100.0,100.0,20.0,R
"McKendry, Evan",1,1,1,0,0.846,100.0,100.0,0.0,R
"McKenzie, Triston",2,2,2,1,0.492,100.0,100.0,50.0,L
"McSteen, Jake",1,1,1,0,,100.0,100.0,0.0,R
"McWilliams, Sam",2,2,2,0,,100.0,100.0,0.0,L
"Meachem, Xavier",1,1,1,1,0.914,100.0,100.0,100.0,L
"Mears, Nick",5,5,5,0,0.028,100.0,100.0,0.0,L
"Mederos, Victor",1,1,1,0,0.157,100.0,100.0,0.0,R
"Megill, Trevor",5,5,5,1,0.276,100.0,100.0,20.0,L
"Megill, Tylor",5,5,5,1,0.192,100.0,100.0,20.0,L
"Mejia, Juan",5,5,5,1,0.417,100.0,100.0,20.0,L
"Mena, Cristian",3,3,3,0,0.482,100.0,100.0,0.0,L
"Menendez, Antonio",1,1,1,0,0.114,100.0,100.0,0.0,L
"Mercado, Michael",2,2,2,0,0.23,100.0,100.0,0.0,R
"Merryweather, Julian",5,5,5,1,0.497,100.0,100.0,20.0,R
"Mey, Luis",4,4,4,0,0.257,100.0,100.0,0.0,R
"Meyer, Max",5,5,5,1,0.441,100.0,100.0,20.0,R
"Mikolas, Miles",5,5,5,0,0.273,100.0,100.0,0.0,L
"Miley, Wade",5,5,5,0,0.159,100.0,100.0,0.0,L
"Miller, Bobby",3,3,3,0,0.459,100.0,100.0,0.0,L
"Miller, Bryce",5,5,5,0,0.392,100.0,100.0,0.0,R
"Miller, Erik",5,5,5,1,0.106,100.0,100.0,20.0,R
"Miller, Mason",5,5,5,1,0.095,100.0,100.0,20.0,L
"Miller, Shelby",5,5,5,0,0.277,100.0,100.0,0.0,R
"Milner, Hoby",5,5,5,1,0.434,100.0,100.0,20.0,L
"Minter, A.J.",4,4,4,1,0.23,100.0,100.0,25.0,L
"Misiorowski, Jacob",2,2,2,0,0.428,100.0,100.0,0.0,L
"Mize, Casey",5,5,5,0,0.387,100.0,100.0,0.0,R
"Mlodzinski, Carmen",5,5,5,1,0.181,100.0,100.0,20.0,R
"Molina, Anthony",3,3,3,0,0.253,100.0,100.0,0.0,L
"Moll, Sam",1,1,1,0,0.226,100.0,100.0,0.0,L
"Montero, Keider",5,5,5,1,0.333,100.0,100.0,20.0,R
"Montero, Rafael",5,5,5,0,0.45,100.0,100.0,0.0,L
"Monteverde, Patrick",3,3,3,1,0.259,100.0,100.0,33.3,L
"Montgomery, Mason",5,5,5,1,0.518,100.0,100.0,20.0,R
"Morehouse, Zane",1,1,1,1,0.611,100.0,100.0,100.0,L
"Morejon, Adrian",5,5,5,1,0.256,100.0,100.0,20.0,R
"Morgan, David",5,5,5,0,0.272,100.0,100.0,0.0,R
"Morgan, Eli",5,5,5,3,0.384,100.0,100.0,60.0,R
"Morillo, Juan",5,5,5,0,0.309,100.0,100.0,0.0,R
"Morton, Charlie",5,5,5,0,0.277,100.0,100.0,0.0,L
"Murdock, Noah",5,5,5,1,0.355,100.0,100.0,20.0,R
"Murfee, Penn",5,5,5,0,0.252,100.0,100.0,0.0,R
"Murphy, John",1,0,0,0,,0.0,0.0,0.0,L
"Muñoz, Andrés",5,5,5,0,0.278,100.0,100.0,0.0,R
"Muñoz, Roddery",3,3,3,0,0.327,100.0,100.0,0.0,R
"Myers, Tobias",5,5,5,0,0.408,100.0,100.0,0.0,L
"Márquez, Germán",5,5,5,0,0.203,100.0,100.0,0.0,R
"Nelson, Ryne",5,5,5,1,0.495,100.0,100.0,20.0,R
"Neris, Héctor",5,4,4,1,0.284,80.0,80.0,20.0,L
"Newcomb, Sean",5,5,5,0,0.267,100.0,100.0,0.0,R
"Nicolas, Kyle",5,5,5,2,0.581,100.0,100.0,40.0,R
"Nido, Tomás",3,2,2,0,0.005,66.7,66.7,0.0,R
"Nikhazy, Doug",2,2,2,0,0.519,100.0,100.0,0.0,R
"Nola, Aaron",5,5,5,2,0.434,100.0,100.0,40.0,R
"Nowlin, Jaylen",1,1,1,0,,100.0,100.0,0.0,L
"Nuñez, Juan",1,1,1,0,0.257,100.0,100.0,0.0,R
"Núñez, Dedniel",1,1,1,0,0.009,100.0,100.0,0.0,L
"O'Brien, Riley",2,2,2,0,0.226,100.0,100.0,0.0,R
"Ober, Bailey",5,4,4,1,0.337,80.0,80.0,20.0,L
"Ogasawara, Shinnosuke",2,2,2,0,,100.0,100.0,0.0,L
"Okert, Steven",5,5,5,1,0.089,100.0,100.0,20.0,R
"Olson, Reese",5,5,5,1,0.24,100.0,100.0,20.0,L
"Orellana, Douglas",3,3,3,0,0.084,100.0,100.0,0.0,L
"Ort, Kaleb",5,5,5,2,0.571,100.0,100.0,40.0,R
"Ortiz, Luis L.",5,5,5,0,0.658,100.0,100.0,0.0,L
"Orze, Eric",5,5,5,1,0.301,100.0,100.0,20.0,L
"Paddack, Chris",5,5,5,1,0.385,100.0,100.0,20.0,L
"Pagán, Emilio",5,5,5,1,0.109,100.0,100.0,20.0,L
"Palencia, Daniel",5,5,5,0,0.154,100.0,100.0,0.0,R
"Palisch, Jake",1,1,1,0,0.049,100.0,100.0,0.0,R
"Pallante, Andre",5,5,5,0,0.31,100.0,100.0,0.0,L
"Palmquist, Carson",5,5,5,0,0.211,100.0,100.0,0.0,L
"Parker, Mitchell",5,5,5,1,0.598,100.0,100.0,20.0,R
"Pasqualotto, Paulshawn",2,2,2,0,,100.0,100.0,0.0,L
"Patrick, Chad",5,5,5,3,0.542,100.0,100.0,60.0,R
"Payamps, Joel",5,5,5,0,0.297,100.0,100.0,0.0,L
"Pearson, Nate",5,5,5,1,0.385,100.0,100.0,20.0,L
"Peguero, Elvis",2,2,2,0,0.082,100.0,100.0,0.0,R
"Peguero, Joel",1,1,1,0,0.006,100.0,100.0,0.0,L
"Pepiot, Ryan",5,5,5,1,0.322,100.0,100.0,20.0,L
"Peralta, Freddy",5,5,5,0,0.24,100.0,100.0,0.0,L
"Peralta, Luis",5,5,5,1,0.362,100.0,100.0,20.0,R
"Peralta, Wandy",5,5,5,0,0.44,100.0,100.0,0.0,L
"Perdomo, Angel",2,2,2,1,0.526,100.0,100.0,50.0,R
"Pereda, Jhonny",3,3,3,0,0.525,100.0,100.0,0.0,L
"Pestana, Leonardo",3,3,3,1,0.301,100.0,100.0,33.3,L
"Petersen, Michael",3,3,3,1,0.253,100.0,100.0,33.3,R
"Peterson, David",5,5,5,0,0.514,100.0,100.0,0.0,L
"Petty, Chase",5,5,5,1,0.342,100.0,100.0,20.0,R
"Pfaadt, Brandon",5,5,5,1,0.423,100.0,100.0,20.0,R
"Phillips, Connor",1,1,1,0,0.191,100.0,100.0,0.0,R
"Phillips, Tyler",5,5,5,1,0.26,100.0,100.0,20.0,R
"Pilkington, Konnor",4,4,4,1,0.197,100.0,100.0,25.0,L
"Pivetta, Nick",5,5,5,1,0.317,100.0,100.0,20.0,R
"Poche, Colin",5,5,5,1,0.533,100.0,100.0,20.0,L
"Pomeranz, Drew",5,5,5,0,0.415,100.0,100.0,0.0,R
"Pop, Zach",2,2,2,0,0.157,100.0,100.0,0.0,R
"Poteet, Cody",2,2,2,1,0.46,100.0,100.0,50.0,R
"Poulin, PJ",1,1,1,0,0.146,100.0,100.0,0.0,R
"Povich, Cade",5,5,5,0,0.431,100.0,100.0,0.0,R
"Pressly, Ryan",5,4,4,0,0.278,80.0,80.0,0.0,R
"Priester, Quinn",5,5,5,0,0.124,100.0,100.0,0.0,L
"Puk, A.J.",4,4,4,1,0.348,100.0,100.0,25.0,L
"Pérez, Cionel",5,5,5,1,0.209,100.0,100.0,20.0,L
"Pérez, Eury",2,2,2,0,0.042,100.0,100.0,0.0,L
"Pérez, Martín",5,5,5,2,0.612,100.0,100.0,40.0,R
"Quantrill, Cal",5,4,4,0,0.134,80.0,80.0,0.0,R
"Quijada, José",4,4,4,1,0.419,100.0,100.0,25.0,L
"Quintana, Jose",5,5,5,0,0.465,100.0,100.0,0.0,R
"Ragans, Cole",5,5,5,1,0.317,100.0,100.0,20.0,R
"Rainey, Tanner",3,3,3,0,0.345,100.0,100.0,0.0,R
"Rajcic, Max",3,3,3,1,0.215,100.0,100.0,33.3,L
"Ramos, Wilkin",1,1,1,0,,100.0,100.0,0.0,R
"Rangel, Alan",2,2,2,0,0.112,100.0,100.0,0.0,R
"Rasmussen, Drew",5,5,5,2,0.488,100.0,100.0,40.0,L
"Ray, Robbie",5,5,5,0,0.045,100.0,100.0,0.0,R
"Rea, Colin",5,5,5,1,0.438,100.0,100.0,20.0,L
"Reyes, Pablo",4,4,4,3,0.61,100.0,100.0,75.0,R
"Reynolds, Sean",5,4,4,0,0.108,80.0,80.0,0.0,R
"Reyzelman, Eric",1,1,1,0,0.02,100.0,100.0,0.0,R
"Ribalta, Orlando",5,5,5,1,0.242,100.0,100.0,20.0,L
"Richards, Trevor",1,1,1,0,0.529,100.0,100.0,0.0,L
"Richardson, Lyon",5,5,5,0,0.312,100.0,100.0,0.0,L
"Rivas, Leo",1,1,1,0,0.917,100.0,100.0,0.0,R
"Rivera, Emmanuel",2,2,2,0,0.498,100.0,100.0,0.0,L
"Rivera, Yaqui",1,1,1,0,,100.0,100.0,0.0,L
"Roa, Christian",1,1,1,0,,100.0,100.0,0.0,R
"Roberts, Ethan",4,4,4,1,0.286,100.0,100.0,25.0,L
"Robertson, Nick",1,1,1,0,0.717,100.0,100.0,0.0,R
"Rocker, Kumar",5,5,5,0,0.41,100.0,100.0,0.0,L
"Rodriguez, Carlos",2,2,2,1,0.438,100.0,100.0,50.0,L
"Rodriguez, Eduardo",5,5,5,1,0.186,100.0,100.0,20.0,R
"Rodriguez, Elvin",5,5,5,2,0.478,100.0,100.0,40.0,R
"Rodriguez, Jose",2,2,2,0,0.462,100.0,100.0,0.0,R
"Rodríguez, Manuel",5,5,5,0,0.337,100.0,100.0,0.0,R
"Rodríguez, Randy",5,5,5,0,0.15,100.0,100.0,0.0,L
"Rodríguez, Yariel",5,5,5,0,0.136,100.0,100.0,0.0,R
"Rodón, Carlos",5,5,5,0,0.407,100.0,100.0,0.0,L
"Rogers, Taylor",5,5,5,0,0.219,100.0,100.0,0.0,R
"Rogers, Trevor",4,4,4,1,0.389,100.0,100.0,25.0,R
"Rogers, Tyler",5,5,5,0,0.362,100.0,100.0,0.0,L
"Rojas, Miguel",5,5,5,2,0.821,100.0,100.0,40.0,L
"Rolison, Ryan",5,5,5,0,0.234,100.0,100.0,0.0,R
"Romano, Jordan",5,5,5,1,0.315,100.0,100.0,20.0,L
"Romero, Carlos",1,1,1,0,,100.0,100.0,0.0,R
"Romero, JoJo",5,5,5,0,0.221,100.0,100.0,0.0,R
"Rooney, John",1,1,1,0,,100.0,100.0,0.0,R
"Rosario, Amed",1,1,1,0,0.869,100.0,100.0,0.0,R
"Ross, Joe",5,5,5,0,0.392,100.0,100.0,0.0,R
"Roupp, Landen",5,5,5,1,0.389,100.0,100.0,20.0,L
"Roycroft, Chris",5,5,5,0,0.335,100.0,100.0,0.0,R
"Ruiz, José",5,5,5,0,0.333,100.0,100.0,0.0,R
"Rustad, Carter",2,2,2,0,,100.0,100.0,0.0,L
"Rutledge, Jackson",5,4,4,0,0.091,80.0,80.0,0.0,L
"Ryan, Joe",5,5,5,0,0.268,100.0,100.0,0.0,L
"Salazar, Eduardo",5,5,5,1,0.358,100.0,100.0,20.0,R
"Sale, Chris",5,5,5,0,0.419,100.0,100.0,0.0,R
"Sandlin, Nick",2,2,2,0,0.058,100.0,100.0,0.0,R
"Sands, Cole",5,5,5,1,0.472,100.0,100.0,20.0,L
"Sanmartin, Reiver",1,1,1,0,0.103,100.0,100.0,0.0,R
"Sanoja, Javier",5,5,5,1,0.233,100.0,100.0,20.0,R
"Santana, Dennis",5,5,5,0,0.195,100.0,100.0,0.0,R
"Santillan, Tony",5,5,5,1,0.534,100.0,100.0,20.0,L
"Santos, Gregory",4,4,4,0,0.161,100.0,100.0,0.0,R
"Sasaki, Roki",5,5,5,1,0.29,100.0,100.0,20.0,R
"Saucedo, Tayler",3,3,3,1,0.394,100.0,100.0,33.3,R
"Sauer, Matt",5,5,5,1,0.491,100.0,100.0,20.0,R
"Scalzo Jr., Frankie",1,1,1,0,,100.0,100.0,0.0,L
"Scherzer, Max",5,5,5,0,0.198,100.0,100.0,0.0,L
"Schlittler, Cam",3,3,3,0,0.474,100.0,100.0,0.0,R
"Schmidt, Clarke",5,5,5,0,0.244,100.0,100.0,0.0,R
"Schreiber, John",5,5,5,1,0.437,100.0,100.0,20.0,R
"Schultz, Noah",1,1,1,0,0.08,100.0,100.0,0.0,R
"Schultz, Paxton",5,5,5,0,0.144,100.0,100.0,0.0,R
"Schultz, Thomas",2,2,2,1,0.487,100.0,100.0,50.0,L
"Schwellenbach, Spencer",5,5,5,0,0.139,100.0,100.0,0.0,L
"Scott, Tanner",5,5,5,0,0.122,100.0,100.0,0.0,R
"Scott, Tayler",5,5,5,1,0.345,100.0,100.0,20.0,L
"Seabold, Connor",2,2,2,0,0.138,100.0,100.0,0.0,L
"Sears, JP",5,5,5,1,0.469,100.0,100.0,20.0,R
"Selby, Colin",2,2,2,1,0.364,100.0,100.0,50.0,L
"Sellinger, Jack",1,1,1,0,0.149,100.0,100.0,0.0,L
"Senga, Kodai",5,5,5,1,0.214,100.0,100.0,20.0,R
"Senzatela, Antonio",5,5,5,1,0.404,100.0,100.0,20.0,L
"Severino, Luis",5,5,5,1,0.122,100.0,100.0,20.0,R
"Sewald, Paul",5,5,5,0,0.09,100.0,100.0,0.0,L
"Seymour, Ian",1,1,1,0,0.723,100.0,100.0,0.0,R
"Shaw, Bryan",1,1,1,0,0.946,100.0,100.0,0.0,R
"Sheehan, Emmet",1,1,1,0,0.109,100.0,100.0,0.0,R
"Shreve, Ryan",1,1,1,0,0.086,100.0,100.0,0.0,R
"Shugart, Chase",5,4,4,1,0.325,80.0,80.0,20.0,R
"Shuster, Jared",5,4,4,0,0.326,80.0,80.0,0.0,L
"Sims, Landon",2,2,2,0,0.085,100.0,100.0,0.0,L
"Sims, Lucas",5,4,4,1,0.462,80.0,80.0,20.0,L
"Sinclair, Jack",1,1,1,0,0.006,100.0,100.0,0.0,R
"Singer, Brady",5,4,4,1,0.246,80.0,80.0,20.0,R
"Sisk, Evan",1,1,1,0,0.063,100.0,100.0,0.0,L
"Skenes, Paul",5,5,5,0,0.312,100.0,100.0,0.0,R
"Skubal, Tarik",5,5,5,0,0.39,100.0,100.0,0.0,R
"Slaten, Justin",5,5,5,0,0.27,100.0,100.0,0.0,L
"Smith, Cade",5,4,4,1,0.215,80.0,80.0,20.0,R
"Smith, Dylan",2,2,2,0,0.009,100.0,100.0,0.0,R
"Smith, Hagen",1,1,1,0,0.354,100.0,100.0,0.0,R
"Smith, Shane",5,5,5,2,0.481,100.0,100.0,40.0,L
"Smith-Shawver, AJ",5,5,5,0,0.421,100.0,100.0,0.0,L
"Snell, Blake",5,5,5,1,0.567,100.0,100.0,20.0,L
"Snelsire, Hayden",1,1,1,1,0.286,100.0,100.0,100.0,L
"Snider, Collin",5,5,5,2,0.471,100.0,100.0,40.0,L
"Solesky, Chase",1,1,1,0,0.037,100.0,100.0,0.0,R
"Soriano, George",5,5,5,0,0.401,100.0,100.0,0.0,L
"Soriano, José",5,5,5,0,0.388,100.0,100.0,0.0,R
"Soroka, Michael",5,4,4,1,0.321,80.0,80.0,20.0,R
"Soto, Gregory",5,5,5,0,0.287,100.0,100.0,0.0,R
"Sousa, Bennett",5,5,5,1,0.306,100.0,100.0,20.0,R
"Speier, Gabe",5,5,5,1,0.315,100.0,100.0,20.0,R
"Spence, Mitch",5,4,4,1,0.569,80.0,80.0,20.0,L
"Spiers, Carson",5,5,5,1,0.158,100.0,100.0,20.0,R
"Springs, Jeffrey",5,5,5,1,0.223,100.0,100.0,20.0,R
"Stallings, Garrett",2,2,2,0,0.02,100.0,100.0,0.0,R
"Stallings, Jacob",3,3,3,1,0.392,100.0,100.0,33.3,R
"Stanek, Ryne",5,5,5,1,0.415,100.0,100.0,20.0,R
"Stankiewicz, John",1,1,1,0,0.094,100.0,100.0,0.0,R
"Steele, Justin",5,5,5,0,0.214,100.0,100.0,0.0,R
"Sterner, Justin",5,5,5,1,0.462,100.0,100.0,20.0,R
"Stewart, Brock",5,5,5,0,0.288,100.0,100.0,0.0,L
"Strahm, Matt",5,5,5,1,0.252,100.0,100.0,20.0,R
"Stratton, Chris",5,5,5,1,0.402,100.0,100.0,20.0,L
"Strickland, Hunter",5,5,5,0,0.085,100.0,100.0,0.0,L
"Strider, Spencer",5,5,5,0,0.47,100.0,100.0,0.0,R
"Stripling, Ross",4,4,4,1,,100.0,100.0,25.0,L
"Stroman, Marcus",5,5,5,3,0.576,100.0,100.0,60.0,L
"Strzelecki, Peter",3,2,2,0,0.244,66.7,66.7,0.0,L
"Suarez, José",4,4,4,0,0.19,100.0,100.0,0.0,L
"Suarez, Robert",5,5,5,0,0.228,100.0,100.0,0.0,R
"Sugano, Tomoyuki",5,4,4,1,0.293,80.0,80.0,20.0,R
"Sulser, Cole",3,3,3,0,0.099,100.0,100.0,0.0,L
"Suter, Brent",5,5,5,0,0.289,100.0,100.0,0.0,R
"Suárez, Albert",5,5,5,0,0.188,100.0,100.0,0.0,L
"Suárez, Ranger",5,5,5,0,0.286,100.0,100.0,0.0,R
"Svanson, Matt",4,4,4,0,0.176,100.0,100.0,0.0,L
"Swanson, Erik",2,2,2,1,0.772,100.0,100.0,50.0,R
"Sánchez, Cristopher",5,5,5,0,0.241,100.0,100.0,0.0,L
"Sánchez, Gary",1,1,1,0,0.437,100.0,100.0,0.0,R
"Taillon, Jameson",5,5,5,1,0.483,100.0,100.0,20.0,R
"Tate, Dillon",3,2,2,0,0.42,66.7,66.7,0.0,R
"Taylor, Grant",1,1,1,0,0.931,100.0,100.0,0.0,R
"Taylor, Troy",3,3,3,0,0.889,100.0,100.0,0.0,R
"Thielbar, Caleb",5,5,5,2,0.259,100.0,100.0,40.0,R
"Thomas, Connor",4,4,4,0,0.288,100.0,100.0,0.0,R
"Thompson, Ryan",5,5,5,1,0.306,100.0,100.0,20.0,L
"Thompson, Zach",5,5,5,0,0.211,100.0,100.0,0.0,L
"Thornton, Trent",5,4,4,0,0.268,80.0,80.0,0.0,L
"Tidwell, Blade",4,4,4,0,0.313,100.0,100.0,0.0,R
"Tinoco, Jesus",5,5,5,1,0.242,100.0,100.0,20.0,R
"Topa, Justin",5,5,5,1,0.514,100.0,100.0,20.0,L
"Toro, Abraham",4,4,4,1,0.376,100.0,100.0,25.0,L
"Torres, Alejandro",1,1,1,0,,100.0,100.0,0.0,R
"Toussaint, Touki",2,2,2,0,0.205,100.0,100.0,0.0,L
"Treinen, Blake",3,3,3,0,0.083,100.0,100.0,0.0,R
"Trivino, Lou",5,5,5,2,0.506,100.0,100.0,40.0,R
"Turnbull, Spencer",5,5,5,1,0.547,100.0,100.0,20.0,L
"Tyler, Kyle",1,1,1,1,,100.0,100.0,100.0,R
"Uceta, Edwin",5,5,5,1,0.168,100.0,100.0,20.0,R
"Ureña, José",5,5,5,1,0.605,100.0,100.0,20.0,R
"Uribe, Abner",5,4,4,0,0.304,80.0,80.0,0.0,R
"Valdez, Framber",5,5,5,1,0.304,100.0,100.0,20.0,R
"Van Belle, Brian",2,2,2,0,,100.0,100.0,0.0,R
"VanWey, Logan",5,5,5,0,0.239,100.0,100.0,0.0,L
"Vargas, Carlos",5,4,4,1,0.262,80.0,80.0,20.0,L
"Varland, Louis",5,5,5,1,0.253,100.0,100.0,20.0,R
"Vasil, Mike",5,4,4,0,0.422,80.0,80.0,0.0,R
"Veneziano, Anthony",5,5,5,1,0.302,100.0,100.0,20.0,L
"Verlander, Justin",5,5,5,0,0.223,100.0,100.0,0.0,L
"Vesia, Alex",5,5,5,1,0.319,100.0,100.0,20.0,L
"Vespi, Nick",1,1,1,0,0.094,100.0,100.0,0.0,R
"Vest, Will",5,5,5,0,0.204,100.0,100.0,0.0,L
"Vodnik, Victor",4,4,4,1,0.454,100.0,100.0,25.0,L
"Vásquez, Randy",5,5,5,1,0.406,100.0,100.0,20.0,R
"Wacha, Michael",5,5,5,0,0.333,100.0,100.0,0.0,L
"Waddell, Brandon",5,5,5,1,0.52,100.0,100.0,20.0,R
"Wade, Tyler",2,2,2,1,0.462,100.0,100.0,50.0,R
"Walker, Josh",3,3,3,1,0.685,100.0,100.0,33.3,L
"Walker, Ryan",5,5,5,0,0.199,100.0,100.0,0.0,R
"Walker, Taijuan",5,5,5,0,0.184,100.0,100.0,0.0,R
"Walter, Brandon",5,5,5,0,0.384,100.0,100.0,0.0,R
"Walters, Andrew",1,1,1,0,0.323,100.0,100.0,0.0,L
"Warren, Will",5,5,5,0,0.316,100.0,100.0,0.0,R
"Weathers, Ryan",5,5,5,0,0.142,100.0,100.0,0.0,R
"Weaver, Luke",5,5,5,0,0.282,100.0,100.0,0.0,L
"Webb, Jacob",5,5,5,1,0.476,100.0,100.0,20.0,R
"Webb, Logan",5,5,5,1,0.401,100.0,100.0,20.0,L
"Weems, Avery",1,1,1,0,0.283,100.0,100.0,0.0,L
"Weissert, Greg",5,5,5,1,0.362,100.0,100.0,20.0,R
"Wentz, Joey",5,5,5,1,0.376,100.0,100.0,20.0,R
"Wesneski, Hayden",5,4,4,0,0.244,80.0,80.0,0.0,R
"Wheeler, Zack",5,5,5,0,0.356,100.0,100.0,0.0,L
"White, Owen",5,5,5,0,0.325,100.0,100.0,0.0,R
"Whitley, Forrest",5,5,5,1,0.435,100.0,100.0,20.0,R
"Whitlock, Garrett",5,5,5,0,0.186,100.0,100.0,0.0,L
"Wicks, Jordan",3,3,3,0,0.516,100.0,100.0,0.0,L
"Wiles, Nathan",2,2,2,0,0.292,100.0,100.0,0.0,R
"Williams, Devin",5,5,5,0,0.575,100.0,100.0,0.0,R
"Williams, Gavin",5,5,5,1,0.293,100.0,100.0,20.0,L
"Williams, Luke",1,1,1,0,0.177,100.0,100.0,0.0,R
"Williams, Trevor",5,5,5,0,0.53,100.0,100.0,0.0,R
"Wilson, Bryse",5,5,5,0,0.483,100.0,100.0,0.0,L
"Wilson, Justin",5,5,5,0,0.363,100.0,100.0,0.0,L
"Wilson, Steven",5,5,5,0,0.45,100.0,100.0,0.0,R
"Wilson, Weston",2,2,2,0,0.253,100.0,100.0,0.0,L
"Wilson, Will",1,1,1,0,0.22,100.0,100.0,0.0,L
"Winckowski, Josh",5,5,5,1,0.51,100.0,100.0,20.0,L
"Winn, Cole",3,3,3,0,0.341,100.0,100.0,0.0,L
"Wolfram, Grant",1,1,1,0,0.006,100.0,100.0,0.0,R
"Woo, Bryan",5,5,5,1,0.267,100.0,100.0,20.0,L
"Woodford, Jake",2,2,2,0,,100.0,100.0,0.0,L
"Woods Richardson, Simeon",5,5,5,0,0.236,100.0,100.0,0.0,R
"Wosinski, Jacob",1,1,1,0,0.049,100.0,100.0,0.0,L
"Wrobleski, Justin",5,5,5,1,0.419,100.0,100.0,20.0,R
"Wynne, Randy",5,5,5,1,0.29,100.0,100.0,20.0,R
"Yamamoto, Yoshinobu",5,5,5,1,0.399,100.0,100.0,20.0,L
"Yarbrough, Ryan",5,5,5,1,0.328,100.0,100.0,20.0,L
"Yates, Kirby",5,5,5,1,0.312,100.0,100.0,20.0,R
"Yean, Eddy",1,1,1,0,0.209,100.0,100.0,0.0,L
"Yoho, Craig",2,2,2,0,0.41,100.0,100.0,0.0,R
"Young, Brandon",3,3,3,1,0.515,100.0,100.0,33.3,R
"Young, Danny",3,3,3,0,0.236,100.0,100.0,0.0,L
"Young, Jack",1,0,0,0,,0.0,0.0,0.0,R
"Zastryzny, Rob",3,3,3,1,0.38,100.0,100.0,33.3,L
"Zeferjahn, Ryan",5,5,5,2,0.432,100.0,100.0,40.0,R
"Zerpa, Angel",5,4,4,0,0.138,80.0,80.0,0.0,L
"Zuber, Tyler",1,1,1,0,,100.0,100.0,0.0,L
"Zulueta, Yosver",1,1,1,0,0.117,100.0,100.0,0.0,R
"Zuñiga, Guillo",1,1,1,0,0.174,100.0,100.0,0.0,R
"de Geus, Brett",1,1,1,0,0.269,100.0,100.0,0.0,R
"deGrom, Jacob",5,5,5,0,0.539,100.0,100.0,0.0,L
